ID,Name,Progression,3DIcon
1,Short Sword,0,ICON3D_WP_ADOL_000
2,Long Sword,0,ICON3D_WP_ADOL_001
3,Defender,0,ICON3D_WP_ADOL_002
4,Liberacion,0,ICON3D_WP_ADOL_003
5,Dunamis Edge,0,ICON3D_WP_ADOL_004
6,Vorpal Blade,0,ICON3D_WP_ADOL_005
7,Dainsleif,0,ICON3D_WP_ADOL_006
8,Hyperion Blade,0,ICON3D_WP_ADOL_007
9,Mistilteinn,0,ICON3D_WP_ADOL_008
10,Rusted Sword,0,ICON3D_WP_ADOL_009
11,----剣----,0,ICON3D_WP_ADOL_010
12,Isios Blade,0,ICON3D_WP_ADOL_011
13,Spirit Ring Celesdia,0,ICON3D_WP_DANA_005
14,----剣----,0,ICON3D_WP_ADOL_xxx2
15,Short Sword,0,ICON3D_WP_ADOL_100
16,Long Sword,0,ICON3D_WP_ADOL_101
17,Defender,0,ICON3D_WP_ADOL_102
18,Liberacion,0,ICON3D_WP_ADOL_103
19,Dunamis Edge,0,ICON3D_WP_ADOL_104
20,Vorpal Blade,0,ICON3D_WP_ADOL_105
21,Dainsleif,0,ICON3D_WP_ADOL_106
22,Hyperion Blade,0,ICON3D_WP_ADOL_107
23,Short Sword,0,ICON3D_WP_ADOL_200
24,Long Sword,0,ICON3D_WP_ADOL_201
25,Defender,0,ICON3D_WP_ADOL_202
26,Liberacion,0,ICON3D_WP_ADOL_203
27,Dunamis Edge,0,ICON3D_WP_ADOL_204
28,Vorpal Blade,0,ICON3D_WP_ADOL_205
29,Dainsleif,0,ICON3D_WP_ADOL_206
30,Hyperion Blade,0,ICON3D_WP_ADOL_207
31,Rapier,0,ICON3D_WP_LAXIA_000
32,Foil,0,ICON3D_WP_LAXIA_001
33,Flamberge,0,ICON3D_WP_LAXIA_002
34,Grand Saber,0,ICON3D_WP_LAXIA_003
35,Belladonna,0,ICON3D_WP_LAXIA_004
36,Gordes Fencer,0,ICON3D_WP_LAXIA_005
37,Arondight,0,ICON3D_WP_LAXIA_006
38,Mercurius Blade,0,ICON3D_WP_LAXIA_007
39,Rapier,0,ICON3D_WP_LAXIA_100
40,Foil,0,ICON3D_WP_LAXIA_101
41,Flamberge,0,ICON3D_WP_LAXIA_102
42,Grand Saber,0,ICON3D_WP_LAXIA_103
43,Belladonna,0,ICON3D_WP_LAXIA_104
44,Gordes Fencer,0,ICON3D_WP_LAXIA_105
45,Arondight,0,ICON3D_WP_LAXIA_106
46,Mercurius Blade,0,ICON3D_WP_LAXIA_107
47,Rapier,0,ICON3D_WP_LAXIA_200
48,Foil,0,ICON3D_WP_LAXIA_201
49,Flamberge,0,ICON3D_WP_LAXIA_202
50,Grand Saber,0,ICON3D_WP_LAXIA_203
51,Belladonna,0,ICON3D_WP_LAXIA_204
52,Gordes Fencer,0,ICON3D_WP_LAXIA_205
53,Arondight,0,ICON3D_WP_LAXIA_206
54,Mercurius Blade,0,ICON3D_WP_LAXIA_207
55,Heavy Anchor,0,ICON3D_WP_SAHAD_000
56,Iron Knocker,0,ICON3D_WP_SAHAD_001
57,War Hammer,0,ICON3D_WP_SAHAD_002
58,Axle Breaker,0,ICON3D_WP_SAHAD_003
59,Gratton Tail,0,ICON3D_WP_SAHAD_004
60,Gigantex,0,ICON3D_WP_SAHAD_005
61,Glamdring,0,ICON3D_WP_SAHAD_006
62,Leviathan Axe,0,ICON3D_WP_SAHAD_007
63,Heavy Anchor,0,ICON3D_WP_SAHAD_100
64,Iron Knocker,0,ICON3D_WP_SAHAD_101
65,War Hammer,0,ICON3D_WP_SAHAD_102
66,Axle Breaker,0,ICON3D_WP_SAHAD_103
67,Gratton Tail,0,ICON3D_WP_SAHAD_104
68,Gigantex,0,ICON3D_WP_SAHAD_105
69,Glamdring,0,ICON3D_WP_SAHAD_106
70,Leviathan Axe,0,ICON3D_WP_SAHAD_107
71,Heavy Anchor,0,ICON3D_WP_SAHAD_200
72,Iron Knocker,0,ICON3D_WP_SAHAD_201
73,War Hammer,0,ICON3D_WP_SAHAD_202
74,Axle Breaker,0,ICON3D_WP_SAHAD_203
75,Gratton Tail,0,ICON3D_WP_SAHAD_204
76,Gigantex,0,ICON3D_WP_SAHAD_205
77,Glamdring,0,ICON3D_WP_SAHAD_206
78,Leviathan Axe,0,ICON3D_WP_SAHAD_207
79,Blade Rifle,0,ICON3D_WP_HUMMEL_000
80,Beast Sniper,0,ICON3D_WP_HUMMEL_001
81,Grim Reaper,0,ICON3D_WP_HUMMEL_002
82,Fury Python,0,ICON3D_WP_HUMMEL_003
83,Dark Rhetoric,0,ICON3D_WP_HUMMEL_004
84,Apocalypse,0,ICON3D_WP_HUMMEL_005
85,Saintly Force,0,ICON3D_WP_HUMMEL_006
86,Blade Rifle,0,ICON3D_WP_HUMMEL_100
87,Beast Sniper,0,ICON3D_WP_HUMMEL_101
88,Grim Reaper,0,ICON3D_WP_HUMMEL_102
89,Fury Python,0,ICON3D_WP_HUMMEL_103
90,Dark Rhetoric,0,ICON3D_WP_HUMMEL_104
91,Apocalypse,0,ICON3D_WP_HUMMEL_105
92,Saintly Force,0,ICON3D_WP_HUMMEL_106
93,Blade Rifle,0,ICON3D_WP_HUMMEL_200
94,Beast Sniper,0,ICON3D_WP_HUMMEL_201
95,Grim Reaper,0,ICON3D_WP_HUMMEL_202
96,Fury Python,0,ICON3D_WP_HUMMEL_203
97,Dark Rhetoric,0,ICON3D_WP_HUMMEL_204
98,Apocalypse,0,ICON3D_WP_HUMMEL_205
99,Saintly Force,0,ICON3D_WP_HUMMEL_206
100,Coconut Maces,0,ICON3D_WP_RICOTTA_000
101,Silver Wolf Clubs,0,ICON3D_WP_RICOTTA_001
102,Dino Spikes,0,ICON3D_WP_RICOTTA_002
103,Rakshasa Clubs,0,ICON3D_WP_RICOTTA_003
104,Hecatoncheires,0,ICON3D_WP_RICOTTA_004
105,Heaven's Thunder,0,ICON3D_WP_RICOTTA_005
106,Coconut Maces,0,ICON3D_WP_RICOTTA_100
107,Silver Wolf Clubs,0,ICON3D_WP_RICOTTA_101
108,Dino Spikes,0,ICON3D_WP_RICOTTA_102
109,Rakshasa Clubs,0,ICON3D_WP_RICOTTA_103
110,Hecatoncheires,0,ICON3D_WP_RICOTTA_104
111,Heaven's Thunder,0,ICON3D_WP_RICOTTA_105
112,Coconut Maces,0,ICON3D_WP_RICOTTA_200
113,Silver Wolf Clubs,0,ICON3D_WP_RICOTTA_201
114,Dino Spikes,0,ICON3D_WP_RICOTTA_202
115,Rakshasa Clubs,0,ICON3D_WP_RICOTTA_203
116,Hecatoncheires,0,ICON3D_WP_RICOTTA_204
117,Heaven's Thunder,0,ICON3D_WP_RICOTTA_205
118,Edelsphere,0,ICON3D_WP_DANA_000
119,Celestria,0,ICON3D_WP_DANA_001
120,Caduceus,0,ICON3D_WP_DANA_002
121,Corona Iliad,0,ICON3D_WP_DANA_003
122,Crescent,0,ICON3D_WP_DANA_004
123,Edelsphere,0,ICON3D_WP_DANA_100
124,Celestria,0,ICON3D_WP_DANA_101
125,Caduceus,0,ICON3D_WP_DANA_102
126,Corona Iliad,0,ICON3D_WP_DANA_103
127,Edelsphere,0,ICON3D_WP_DANA_200
128,Celestria,0,ICON3D_WP_DANA_201
129,Caduceus,0,ICON3D_WP_DANA_202
130,Corona Iliad,0,ICON3D_WP_DANA_203
131,Sailor Uniform,0,ICON3D_COS_ADOL_00
132,Adol's Clothes,0,ICON3D_COS_ADOL_01
133,Cool Fencer,0,ICON3D_COS_ADOL_02
134,Pretty Lady,0,ICON3D_COS_LAXIA_02
135,Dandy Fisher,0,ICON3D_COS_SAHAD_02
136,Speed Gunner,0,ICON3D_COS_HUMMEL_02
137,Cutesy Girl,0,ICON3D_COS_RICOTTA_02
138,Noble Shaman,0,ICON3D_COS_DANA_02
139,Progressive Shop Rank,0,ICON3D_139
140,Ricotta Style,0,ICON3D_ATT_NECKLACE
141,Elegant Glasses,0,ICON3D_ATT_MEGANE
142,Clingy Pikkard,0,ICON3D_ATT_PICARD
143,Castaway,0,ICON3D_143
144,Skill,0,ICON3D_144
145,Party Member,0,ICON3D_145
146,Broken Mistilteinn,0,ICON3D_146
147,Broken Spirit Ring,0,ICON3D_147
148,Discovery,0,ICON3D_148
149,AP Item,0,ICON3D_149
150,----,0,ICON3D_150
151,Bone Necklace,0,ICON3D_AC_000
152,Bone Necklace II,0,ICON3D_AC_001
153,Bone Necklace III,0,ICON3D_AC_002
154,Bone Necklace IV,0,ICON3D_AC_003
155,Blade Ring,0,ICON3D_AC_004
156,Blade Ring II,0,ICON3D_AC_005
157,Blade Ring III,0,ICON3D_AC_006
158,Blade Ring IV,0,ICON3D_AC_007
159,Shield Earring,0,ICON3D_AC_008
160,Shield Earring II,0,ICON3D_AC_009
161,Shield Earring III,0,ICON3D_AC_010
162,Shield Earring IV,0,ICON3D_AC_011
163,Snake Amulet,0,ICON3D_AC_012
164,Snake Stone,0,ICON3D_AC_013
165,Lightning Amulet,0,ICON3D_AC_014
166,Lightning Stone,0,ICON3D_AC_015
167,Crow Amulet,0,ICON3D_AC_016
168,Crow Stone,0,ICON3D_AC_017
169,Fenrir Talisman,0,ICON3D_AC_018
170,Fenrir Stone,0,ICON3D_AC_019
171,Pyrios Talisman,0,ICON3D_AC_020
172,Pyrios Stone,0,ICON3D_AC_021
173,Dragon Pauldron,0,ICON3D_AC_022
174,Dragon Stone,0,ICON3D_AC_023
175,Nature Talisman,0,ICON3D_AC_024
176,Warrior Seal,0,ICON3D_AC_025
177,Warrior Seal II,0,ICON3D_AC_026
178,Warrior Seal III,0,ICON3D_AC_027
179,Warrior Seal IV,0,ICON3D_AC_028
180,Red Cape,0,ICON3D_AC_029
181,Blood Moon Charm,0,ICON3D_AC_030
182,Blue Cape,0,ICON3D_AC_031
183,Blue Moon Charm,0,ICON3D_AC_032
184,Gold Cape,0,ICON3D_AC_033
185,Sun Talisman,0,ICON3D_AC_034
186,Hunter Hat,0,ICON3D_AC_035
187,Pirate Bandanna,0,ICON3D_AC_036
188,Dancer Shawl,0,ICON3D_AC_037
189,Juggler Scarf,0,ICON3D_AC_038
190,Blood Fang,0,ICON3D_AC_039
191,Crimson Fang,0,ICON3D_AC_040
192,Athlete Ring,0,ICON3D_AC_041
193,Athlete Belt,0,ICON3D_AC_042
194,Sage Belt,0,ICON3D_AC_043
195,Hero Belt,0,ICON3D_AC_044
196,Legend Belt,0,ICON3D_AC_045
197,Wanderer Cloak,0,ICON3D_AC_046
198,Hero Cloak,0,ICON3D_AC_047
199,Tiger Claw,0,ICON3D_AC_048
200,Eagle Fencer,0,ICON3D_AC_049
201,Hawk Wing,0,ICON3D_AC_050
202,Feather Boots,0,ICON3D_AC_051
203,Gambler Coin,0,ICON3D_AC_052
204,Savage Mask,0,ICON3D_AC_053
205,Fighter Helmet,0,ICON3D_AC_054
206,Jade Pendant,0,ICON3D_AC_055
207,Jewel Brooch,0,ICON3D_AC_056
208,Old Seal Ring,0,ICON3D_AC_057
209,Ocean Hogeki,0,ICON3D_AC_058
210,Earth Orb,0,ICON3D_AC_059
211,Sky Crown,0,ICON3D_AC_060
212,Saint Ring,0,ICON3D_AC_061
213,Spirit Necklace,0,ICON3D_AC_062
214,Gray Pauldron,0,ICON3D_AC_063
215,Prominent Cloak,0,ICON3D_AC_064
216,Dragon Talisman,0,ICON3D_AC_065
217,Eternal Dark Orb,0,ICON3D_AC_066
218,Slash Medal,0,ICON3D_AC_067
219,Pierce Medal,0,ICON3D_AC_068
220,Strike Medal,0,ICON3D_AC_069
221,Chain Mail,0,ICON3D_AM_001
222,Riveted Leather,0,ICON3D_AM_001S
223,Ring Mail,0,ICON3D_AM_002
224,Bone Breastplate,0,ICON3D_AM_002S
225,Black Iron Armor,0,ICON3D_AM_003
226,Ruddy Breastplate,0,ICON3D_AM_003S
227,Lamellar Armor,0,ICON3D_AM_004
228,Brigandine,0,ICON3D_AM_004S
229,Reflex,0,ICON3D_AM_005
230,Bandit Guard,0,ICON3D_AM_005S
231,Anointed Armor,0,ICON3D_AM_006
232,Gladiator Armor,0,ICON3D_AM_006S
233,Dragon Armor,0,ICON3D_AM_007
234,Dragon Breastplate,0,ICON3D_AM_007S
235,Shining Chronos,0,ICON3D_AM_008M
236,Lachesis Flare,0,ICON3D_AM_008F
237,Nature Vest,0,ICON3D_AM_010M
238,Lively Tunic,0,ICON3D_AM_010F
239,Pirate Coat,0,ICON3D_AM_011M
240,Oracle Robe,0,ICON3D_AM_011F
241,Astral Garb,0,ICON3D_AM_012M
242,Cosmic Dress,0,ICON3D_AM_012F
243,Leather Armor,0,ICON3D_AM_000
244,Dark Jacket,0,ICON3D_AM_021
245,Beastly Guard,0,ICON3D_AM_022
246,Medium's Cloth,0,ICON3D_AM_023
247,----防具系----,0,ICON3D_AM_024
248,Torn Jacket,0,ICON3D_AM_025
249,----防具系----,0,ICON3D_AM_026
250,----防具系----,0,ICON3D_250
251,Leather Gloves,0,ICON3D_AR_000
252,Needle Wristband,0,ICON3D_AR_001
253,Iron Shield,0,ICON3D_AR_002
254,Stone Gloves,0,ICON3D_AR_003
255,Gauntlets,0,ICON3D_AR_004
256,Power Wrist,0,ICON3D_AR_005
257,Red Gloves,0,ICON3D_AR_006
258,Dark Gloves,0,ICON3D_AR_007
259,Bandit Gloves,0,ICON3D_AR_008
260,Blue Gloves,0,ICON3D_AR_009
261,Wood Shield,0,ICON3D_AR_010
262,Bravery Bracelet,0,ICON3D_AR_011
263,Primordial Knowledge,0,ICON3D_263
264,The Ultimate Catch,0,ICON3D_264
265,Wild and Free,0,ICON3D_265
266,Soft Gloves,0,ICON3D_AR_020
267,Prickly Band,0,ICON3D_AR_021
268,Tectite Shield,0,ICON3D_AR_022
269,Bolt Bracelet,0,ICON3D_AR_023
270,Heavy Gauntlets,0,ICON3D_AR_024
271,Warrior Wrist,0,ICON3D_AR_025
272,Crimson Bracelet,0,ICON3D_AR_026
273,Black Bracelet,0,ICON3D_AR_027
274,Bandit Bracelet,0,ICON3D_AR_028
275,Blue Bracelet,0,ICON3D_AR_029
276,Barbaric Bracelet,0,ICON3D_AR_030
277,AP Fury,0,ICON3D_AR_031
278,One Final Delivery,0,ICON3D_278
279,Broken Glasses,0,ICON3D_279
280,Broken Necklace,0,ICON3D_280
281,Rough Gloves,0,ICON3D_AR_040
282,Thorny Wristband,0,ICON3D_AR_041
283,Essence Shield,0,ICON3D_AR_042
284,Thunder Gauntlets,0,ICON3D_AR_043
285,Master Gauntlets,0,ICON3D_AR_044
286,Battle Armlet,0,ICON3D_AR_045
287,Hellfire Gauntlets,0,ICON3D_AR_046
288,Abyssal Gauntlets,0,ICON3D_AR_047
289,Bandit Gauntlets,0,ICON3D_AR_048
290,Blizzard Gauntlets,0,ICON3D_AR_049
291,Chaos Hand,0,ICON3D_AR_050
292,Savage Wristband,0,ICON3D_AR_051
293,Eternal Gauntlets,0,ICON3D_AR_052
294,Broken Lure,0,ICON3D_294
295,Light Arm Guard,0,ICON3D_AR_054
296,Needle Gauntlets,0,ICON3D_AR_055
297,Rai-Koo Gauntlets,0,ICON3D_AR_056
298,Impact Gauntlets,0,ICON3D_AR_057
299,Luminous Gauntlets,0,ICON3D_AR_058
300,Light Bone,0,ICON3D_MT_N1_BONE
301,Sturdy Bone,0,ICON3D_MT_N2_BONE
302,Beast Bone,0,ICON3D_MT_N3_BONE
303,Ancient Bone,0,ICON3D_MT_N4_BONE
304,---,0,ICON3D_304
305,Thin Hide,0,ICON3D_MT_N1_LEATHER
306,Thick Hide,0,ICON3D_MT_N2_LEATHER
307,Beast Hide,0,ICON3D_MT_N3_LEATHER
308,Ancient Hide,0,ICON3D_MT_N4_LEATHER
309,---,0,ICON3D_309
310,Murky Mucus,0,ICON3D_MT_N1_LIQUID
311,Sterile Mucus,0,ICON3D_MT_N2_LIQUID
312,Sparkling Mucus,0,ICON3D_MT_N3_LIQUID
313,Ancient Mucus,0,ICON3D_MT_N4_LIQUID
314,---,0,ICON3D_314
315,Flexible Branch,0,ICON3D_MT_N1_WOOD
316,Sturdy Lumber,0,ICON3D_MT_N2_WOOD
317,Warm Lumber,0,ICON3D_MT_N3_WOOD
318,Ancient Lumber,0,ICON3D_MT_N4_WOOD
319,---,0,ICON3D_319
320,Small Leaf,0,ICON3D_MT_N1_FLOWER
321,Beautiful Flower,0,ICON3D_MT_N2_FLOWER
322,Sparkling Leaf,0,ICON3D_MT_N3_FLOWER
323,Ancient Flower,0,ICON3D_MT_N4_FLOWER
324,---,0,ICON3D_324
325,Strange Mass,0,ICON3D_MT_N1_STONE
326,Iron Ore,0,ICON3D_MT_N2_STONE
327,Tectite Ore,0,ICON3D_MT_N3_STONE
328,Essence Stone,0,ICON3D_MT_N4_STONE
329,---,0,ICON3D_329
330,■DLC衣装,0,ICON3D_COS00_01
331,■DLC衣装,0,ICON3D_COS00_02
332,■DLC衣装,0,ICON3D_COS00_03
333,■DLC衣装,0,ICON3D_ITM00_01
334,■DLC衣装,0,ICON3D_ITM00_02
335,■DLC衣装,0,ICON3D_COS00_04
336,■DLC衣装,0,ICON3D_ATT_REAN
337,■DLC衣装,0,ICON3D_337
338,■DLC衣装,0,ICON3D_338
339,■DLC衣装,0,ICON3D_339
340,■DLC衣装,0,ICON3D_COS01_01
341,■DLC衣装,0,ICON3D_COS01_02
342,■DLC衣装,0,ICON3D_COS01_03
343,■DLC衣装,0,ICON3D_COS01_04
344,■DLC衣装,0,ICON3D_COS01_05
345,■DLC衣装,0,ICON3D_COS01_06
346,■DLC衣装,0,ICON3D_COS02_01
347,■DLC衣装,0,ICON3D_COS02_02
348,■DLC衣装,0,ICON3D_COS02_03
349,■DLC衣装,0,ICON3D_COS02_04
350,■DLC衣装,0,ICON3D_COS02_05
351,■DLC衣装,0,ICON3D_COS02_06
352,■DLC衣装,0,ICON3D_COS03_01
353,■DLC衣装,0,ICON3D_COS03_02
354,■DLC衣装,0,ICON3D_COS03_03
355,■DLC衣装,0,ICON3D_COS03_04
356,■DLC衣装,0,ICON3D_COS03_05
357,■DLC衣装,0,ICON3D_COS03_06
358,■DLC衣装,0,ICON3D_COS03_07
359,■DLC衣装,0,ICON3D_COS03_08
360,■DLCアタッチ,0,ICON3D_ATT_FEENA
361,■DLCアタッチ,0,ICON3D_ATT_LILIA
362,■DLCアタッチ,0,ICON3D_ATT_SHIELD
363,■DLCアタッチ,0,ICON3D_ATT_MEGANE01
364,■DLCアタッチ,0,ICON3D_ATT_MEGANE02
365,■DLCアタッチ,0,ICON3D_ATT_MEGANE03
366,■DLCアタッチ,0,ICON3D_ATT_MEGANE04
367,■DLCアタッチ,0,ICON3D_ATT_MEGANE05
368,■DLCアタッチ,0,ICON3D_ATT_MEGANE06
369,■DLCアタッチ,0,ICON3D_ATT_MASK01
370,■DLCアタッチ,0,ICON3D_ATT_MASK02
371,■DLCアタッチ,0,ICON3D_ATT_MASK03
372,■DLCアタッチ,0,ICON3D_372
373,■DLCアタッチ,0,ICON3D_373
374,■DLCアタッチ,0,ICON3D_374
375,■DLCアタッチ,0,ICON3D_375
376,■DLCアタッチ,0,ICON3D_376
377,■DLCアタッチ,0,ICON3D_377
378,■DLCアタッチ,0,ICON3D_378
379,■DLCアタッチ,0,ICON3D_379
380,■DLCアタッチ,0,ICON3D_380
381,■DLCアタッチ,0,ICON3D_381
382,■DLCアタッチ,0,ICON3D_382
383,■DLCアタッチ,0,ICON3D_383
384,■DLCアタッチ,0,ICON3D_384
385,■DLCアタッチ,0,ICON3D_385
386,■DLCアタッチ,0,ICON3D_386
387,■DLCアタッチ,0,ICON3D_387
388,■DLCアタッチ,0,ICON3D_388
389,■DLCアタッチ,0,ICON3D_389
390,■DLCアタッチ,0,ICON3D_390
391,■DLCアタッチ,0,ICON3D_391
392,■DLCアタッチ,0,ICON3D_392
393,■DLCアタッチ,0,ICON3D_393
394,■DLCアタッチ,0,ICON3D_394
395,■DLCアタッチ,0,ICON3D_395
396,■DLCアタッチ,0,ICON3D_396
397,■DLCアタッチ,0,ICON3D_COS00_01_B
398,■DLCアタッチ,0,ICON3D_COS00_01_A
399,■DLCアタッチ,0,ICON3D_COS00_03_A
400,Beast Claw,0,ICON3D_MT_R1_PARTS01
401,Remex,0,ICON3D_MT_R1_PARTS02
402,Strong Shell,0,ICON3D_MT_R1_PARTS03
403,Soft Fiber,0,ICON3D_MT_R1_PARTS04
404,Gwaranga Pincer,0,ICON3D_MT_R1_PARTS05
405,Bullfrodon Mucus,0,ICON3D_MT_R1_PARTS06
406,Odd Rock,0,ICON3D_MT_R1_PARTS07
407,---,0,ICON3D_407
408,---,0,ICON3D_408
409,---,0,ICON3D_409
410,---,0,ICON3D_410
411,---,0,ICON3D_411
412,---,0,ICON3D_412
413,---,0,ICON3D_413
414,---,0,ICON3D_414
415,---,0,ICON3D_415
416,---,0,ICON3D_416
417,---,0,ICON3D_417
418,---,0,ICON3D_418
419,Digitalis Leaf,0,ICON3D_MT_R1_FLOWER
420,Sword Tip Fang,0,ICON3D_MT_R2_PARTS01
421,Razor Feather,0,ICON3D_MT_R2_PARTS02
422,Accursed Shell,0,ICON3D_MT_R2_PARTS03
423,Lustrous Scale,0,ICON3D_MT_R2_PARTS04
424,Salamandine Hide,0,ICON3D_MT_R2_PARTS05
425,Zaspion Tail,0,ICON3D_MT_R2_PARTS06
426,---,0,ICON3D_MT_R2_PARTS07
427,---,0,ICON3D_427
428,---,0,ICON3D_428
429,---,0,ICON3D_428
430,---,0,ICON3D_430
431,---,0,ICON3D_431
432,---,0,ICON3D_432
433,---,0,ICON3D_433
434,---,0,ICON3D_434
435,---,0,ICON3D_435
436,Big Pearl,0,ICON3D_MT_R2_PEARL
437,Glow Rock,0,ICON3D_MT_NR2_STONE
438,Stalactite,0,ICON3D_MT_R2_STONE
439,Lateka Resin,0,ICON3D_MT_R2_WOOD
440,Thunder Claw,0,ICON3D_MT_R3_PARTS01
441,Blue Feather,0,ICON3D_MT_R3_PARTS02
442,Diamond Shell,0,ICON3D_MT_R3_PARTS03
443,Hard Fiber,0,ICON3D_MT_R3_PARTS04
444,Vivine Bitters,0,ICON3D_MT_R3_PARTS05
445,Essence Panzer,0,ICON3D_MT_R3_PARTS06
446,Saurian Scale,0,ICON3D_MT_R3_PARTS07
447,---,0,ICON3D_447
448,---,0,ICON3D_448
449,---,0,ICON3D_449
450,---,0,ICON3D_450
451,---,0,ICON3D_451
452,---,0,ICON3D_452
453,---,0,ICON3D_453
454,---,0,ICON3D_454
455,---,0,ICON3D_455
456,---,0,ICON3D_456
457,Moonlight Grass,0,ICON3D_MT_NR3_FLOWER
458,---,0,ICON3D_458
459,Rim Flower,0,ICON3D_MT_R3_FLOWER
460,Sunlight Fang,0,ICON3D_MT_R4_PARTS01
461,Lunar Wings,0,ICON3D_MT_R4_PARTS02
462,Starry Shell,0,ICON3D_MT_R4_PARTS03
463,Acidic Liquid,0,ICON3D_MT_R4_PARTS04
464,Dornicle Shell,0,ICON3D_MT_R4_PARTS05
465,Dandale Horn,0,ICON3D_MT_R4_PARTS06
466,Saurian Fang,0,ICON3D_MT_R4_PARTS07
467,---,0,ICON3D_467
468,---,0,ICON3D_468
469,---,0,ICON3D_469
470,---,0,ICON3D_470
471,---,0,ICON3D_471
472,---,0,ICON3D_472
473,---,0,ICON3D_473
474,---,0,ICON3D_474
475,---,0,ICON3D_475
476,Prismatic Jewel,0,ICON3D_MT_R4_GOLD
477,---,0,ICON3D_457
478,Dragon Crest Stone,0,ICON3D_MT_R4_STONE
479,Great Tree Lumber,0,ICON3D_MT_R4_WOOD
480,---,0,ICON3D_MT_R5_PARTS01
481,---,0,ICON3D_MT_R5_PARTS02
482,---,0,ICON3D_MT_R5_PARTS03
483,---,0,ICON3D_MT_R5_PARTS04
484,Underworld Bone,0,ICON3D_MT_R5_PARTS05
485,Underworld Hide,0,ICON3D_MT_R5_PARTS06
486,Saurian Carapace,0,ICON3D_MT_R5_PARTS07
487,---,0,ICON3D_487
488,---,0,ICON3D_488
489,---,0,ICON3D_489
490,---,0,ICON3D_490
491,---,0,ICON3D_491
492,---,0,ICON3D_492
493,---,0,ICON3D_493
494,---,0,ICON3D_494
495,---,0,ICON3D_495
496,---,0,ICON3D_496
497,Rivera's Undying Flower,0,ICON3D_MT_NR5_FLOWER
498,Pure Orichalcum,0,ICON3D_MT_R5_STONE
499,Aura Grass,0,ICON3D_MT_R5_FLOWER
500,Heal Potion,0,ICON3D_US_HEALSOLO_01
501,Full Potion,0,ICON3D_US_HEALSOLO_02
502,AP Packages,0,ICON3D_502
503,Revive Medicine,0,ICON3D_US_RESSURECT_01
504,Great Tree Drop,0,ICON3D_US_RESSURECT_02
505,Moon Tears,0,ICON3D_US_RESSURECT_11
506,Impetuous Water,0,ICON3D_US_EXTRA_01
507,Dynastic Water,0,ICON3D_US_EXTRA_02
508,Medicine,0,ICON3D_US_OLD_HEAL01
509,Full Medicine,0,ICON3D_US_OLD_HEAL02
510,Antidote,0,ICON3D_US_CURE_POISON
511,Eyedrop,0,ICON3D_US_CURE_DARK
512,Antiparalytic,0,ICON3D_US_CURE_PARALYZE
513,Defrost Medicine,0,ICON3D_US_CURE_FREEZE
514,Burn Medicine,0,ICON3D_US_CURE_FLAME
515,Hemostatic,0,ICON3D_US_CURE_BLOODLOSS
516,Remedy,0,ICON3D_US_CURE_ALL
517,Antiparalytic,0,ICON3D_US_OLD_CURE_PARALYZE
518,Burn Medicine,0,ICON3D_US_OLD_CURE_FLAME
519,Remedy,0,ICON3D_US_OLD_CURE_ALL
520,Sweet Remedy,0,ICON3D_US_ADD_EXP_01
521,Bitter Remedy,0,ICON3D_US_ADD_EXP_02
522,Hermit's Remedy,0,ICON3D_US_ADD_EXP_03
523,Power Elixir,0,ICON3D_US_ADD_STR
524,Defense Elixir,0,ICON3D_US_ADD_DEF
525,Life Elixir,0,ICON3D_US_ADD_HP
526,Spirit Elixir,0,ICON3D_US_ADD_SP
527,Tempest Elixir,0,ICON3D_US_ADD_LEVEL
528,Bestiary Potion,0,ICON3D_US_BESTIARYPT
529,---,0,ICON3D_529
530,Cruberry,0,ICON3D_US_BERRY
531,Coconut,0,ICON3D_US_COCONUT
532,Mango,0,ICON3D_US_MANGO
533,Dragon Tree Fruit,0,ICON3D_US_DRAGONFRUIT
534,---,0,ICON3D_534
535,Ripe Cruberry,0,ICON3D_US_BERRY_S
536,Ripe Coconut,0,ICON3D_US_COCONUT_S
537,Ripe Mango,0,ICON3D_US_MANGO_S
538,Dragon Tree Treasure,0,ICON3D_US_DRAGONFRUIT_S
539,---,0,ICON3D_539
540,Pearl Talisman,0,ICON3D_AC_540
541,Placid Talisman,0,ICON3D_AC_541
542,Hope Stone,0,ICON3D_AC_542
543,Luminous Ring,0,ICON3D_AC_543
544,Devil Fang,0,ICON3D_AC_544
545,Wings of Heavenly Flight,0,ICON3D_AC_545
546,Wheel of Eternity,0,ICON3D_AC_546
547,Crown of Creation,0,ICON3D_AC_547
548,Stone of Antiquity,0,ICON3D_AC_548
549,Garment of Many Tongues,0,ICON3D_AC_549
550,Fish Soup,0,ICON3D_USFD_FOOD00
551,Mushroom Omelet,0,ICON3D_USFD_FOOD01
552,Hearty Ratatouille,0,ICON3D_USFD_FOOD02
553,Colorful Meunière,0,ICON3D_USFD_FOOD03
554,Seafood Quiche,0,ICON3D_USFD_FOOD04
555,Cabbage Rolls,0,ICON3D_USFD_FOOD05
556,---,0,ICON3D_556
557,---,0,ICON3D_557
558,---,0,ICON3D_558
559,Fresh Vegetable Juice,0,ICON3D_USFD_JUICE
560,Meat-Wrapped Mushrooms,0,ICON3D_USFD_FOOD10
561,Fish Fry,0,ICON3D_USFD_FOOD11
562,Pirate's Platter,0,ICON3D_USFD_FOOD12
563,Luxurious Coleslaw,0,ICON3D_USFD_FOOD13
564,Heartfelt Bolognese,0,ICON3D_USFD_FOOD14
565,Great Pumpkin Pie,0,ICON3D_USFD_FOOD15
566,---,0,ICON3D_566
567,---,0,ICON3D_567
568,---,0,ICON3D_COOK_RECIPE00
569,Omelet Recipe,0,ICON3D_COOK_RECIPE01
570,Ratatouille Recipe,0,ICON3D_COOK_RECIPE02
571,Meunière Recipe,0,ICON3D_COOK_RECIPE03
572,Quiche Recipe,0,ICON3D_COOK_RECIPE04
573,Cabbage Recipe,0,ICON3D_COOK_RECIPE05
574,Mushroom Recipe,0,ICON3D_COOK_RECIPE06
575,Fry Recipe,0,ICON3D_COOK_RECIPE07
576,Pirate's Recipe,0,ICON3D_COOK_RECIPE08
577,Coleslaw Recipe,0,ICON3D_COOK_RECIPE09
578,Bolognese Recipe,0,ICON3D_COOK_RECIPE10
579,Pumpkin Pie Recipe,0,ICON3D_COOK_RECIPE11
580,Insect Repellent,0,ICON3D_US_PESTCIDE
581,---,0,ICON3D_581
582,---,0,ICON3D_582
583,Spiral Manual,0,ICON3D_US_SKILL_BOOK_A
584,Fairy Manual,0,ICON3D_US_SKILL_BOOK_L
585,Wild Manual,0,ICON3D_US_SKILL_BOOK_S
586,Tremor Manual,0,ICON3D_US_SKILL_BOOK_H
587,Thorn Manual,0,ICON3D_US_SKILL_BOOK_R
588,Freeze Manual,0,ICON3D_US_SKILL_BOOK_D
589,---,0,ICON3D_589
590,Forest Guide,0,ICON3D_US_SEARCH_BOOK01
591,Ocean Guide,0,ICON3D_US_SEARCH_BOOK02
592,Mountain Guide,0,ICON3D_US_SEARCH_BOOK03
593,Wind Guide,0,ICON3D_US_SEARCH_BOOK04
594,Beast Guide,0,ICON3D_US_SEARCH_BOOK05
595,---,0,ICON3D_595
596,---,0,ICON3D_596
597,---,0,ICON3D_597
598,---,0,ICON3D_598
599,---,0,ICON3D_599
600,Rock Salt,0,ICON3D_FD_SEA_SALT
601,Honey,0,ICON3D_FD_LAND_HONEY
602,Seiren Wheat,0,ICON3D_FD_WHEAT
603,Pheasant Egg,0,ICON3D_FD_LAND_EGG
604,White Mushroom,0,ICON3D_FD_MUSHROOM
605,Mual Clam,0,ICON3D_FD_SEA_SHELLFISH
606,Red Meat,0,ICON3D_FD_MEAT_01
607,White Meat,0,ICON3D_FD_MEAT_02
608,Primitive Meat,0,ICON3D_FD_MEAT_03
609,Sweet Pepper,0,ICON3D_FD_VG_PAPRIKA
610,Eggplant,0,ICON3D_FD_VG_EGGPLANT
611,Cabbage,0,ICON3D_FD_VG_CABBAGE
612,Corn,0,ICON3D_FD_VG_CORN
613,Tomato,0,ICON3D_FD_VG_TOMATO
614,Pumpkin,0,ICON3D_FD_VG_PUMPKIN
615,---,0,ICON3D_615
616,Tempest Elixir,0,ICON3D_US_OLD_ADD_LEVEL
617,Power Elixir,0,ICON3D_US_OLD_ADD_STR
618,Defense Elixir,0,ICON3D_US_OLD_ADD_DEF
619,Life Elixir,0,ICON3D_US_OLD_ADD_HP
620,Empty Bottle,0,ICON3D_EV_EMPTY_BOTTLE
621,---,0,ICON3D_US_SKILL_BOOK_A2
622,---,0,ICON3D_US_SKILL_BOOK_L2
623,---,0,ICON3D_US_SKILL_BOOK_S2
624,---,0,ICON3D_US_SKILL_BOOK_H2
625,---,0,ICON3D_US_SKILL_BOOK_R2
626,---,0,ICON3D_US_SKILL_BOOK_D2
627,---,0,ICON3D_627
628,Bait,0,ICON3D_FISHBAIT_WORM
629,Fishing Rod,0,ICON3D_FISHINGROD
630,Sadina,0,ICON3D_FISH00
631,Boleh,0,ICON3D_FISH01
632,Blue Saddie,0,ICON3D_FISH02
633,Amana,0,ICON3D_FISH03
634,Seiren Trout,0,ICON3D_FISH04
635,Garvis,0,ICON3D_FISH05
636,Robushu,0,ICON3D_FISH06
637,Queen Boleh,0,ICON3D_FISH07
638,Saman,0,ICON3D_FISH08
639,Gaete Tuna,0,ICON3D_FISH09
640,Mirage,0,ICON3D_FISH10
641,Ryunga,0,ICON3D_FISH11
642,Rowana,0,ICON3D_FISH12
643,Diplomis,0,ICON3D_FISH13
644,Archaedon,0,ICON3D_FISH14
645,King Saman,0,ICON3D_FISH15
646,Aqua Marina,0,ICON3D_FISH16
647,Piraru,0,ICON3D_FISH17
648,Dino Styx,0,ICON3D_FISH18
649,Goliathus,0,ICON3D_FISH19
650,Gia Wells,0,ICON3D_FISH20
651,Coelarcanth,0,ICON3D_FISH21
652,Hineria,0,ICON3D_FISH22
653,Carcharodon,0,ICON3D_FISH23
654,---,0,ICON3D_654
655,---,0,ICON3D_655
656,1 SP,0,ICON3D_SP1
657,5 SP,0,ICON3D_SP5
658,1 EX,0,ICON3D_EX1
659,5 EX,0,ICON3D_EX5
660,1 Gold,0,ICON3D_KANE1
661,5 Gold,0,ICON3D_KANE5
662,10 Gold,0,ICON3D_KANE10
663,50 Gold,0,ICON3D_KANE50
664,100 Gold,0,ICON3D_KANE100
665,500 Gold,0,ICON3D_KANE500
666,1000 Gold,0,ICON3D_KANE1000
667,5000 Gold,0,ICON3D_KANE5000
668,1 HP,0,ICON3D_MP1
669,5 HP,0,ICON3D_MP5
670,Essence Fragment,0,ICON3D_FORCE
671,Grand Angler,0,ICON3D_BIG_FISH00
672,Nebulobrim,0,ICON3D_BIG_FISH01
673,Bulldart,0,ICON3D_BIG_FISH02
674,Ancient Abyss,0,ICON3D_BIG_FISH03
675,---,0,ICON3D_675
676,---,0,ICON3D_676
677,---,0,ICON3D_677
678,---,0,ICON3D_678
679,---,0,ICON3D_679
680,---,0,ICON3D_680
681,---,0,ICON3D_681
682,---,0,ICON3D_682
683,---,0,ICON3D_683
684,---,0,ICON3D_684
685,Adventure Journal,0,ICON3D_TOPIC_BOOK
686,Isle of Seiren Map,0,ICON3D_MAP
687,Eyedrop Formula,0,ICON3D_DRUG_RECIPE01
688,Sweet Formula,0,ICON3D_DRUG_RECIPE02
689,Blood Formula,0,ICON3D_DRUG_RECIPE03
690,Delight Formula,0,ICON3D_DRUG_RECIPE04
691,Bitter Formula,0,ICON3D_DRUG_RECIPE05
692,Bless Formula,0,ICON3D_DRUG_RECIPE06
693,Life Formula,0,ICON3D_DRUG_RECIPE07
694,Hide Formula,0,ICON3D_DRUG_RECIPE08
695,Power Formula,0,ICON3D_DRUG_RECIPE09
696,Defense Formula,0,ICON3D_DRUG_RECIPE10
697,Dynasty Formula,0,ICON3D_DRUG_RECIPE11
698,Maiden Journal,0,ICON3D_MAIDEN_NOTE
699,Frosted Flower,0,ICON3D_ICE_FLOWER
700,Blue Seal of Whirling Water,0,ICON3D_WATERSTYLE2
701,Green Seal of Roaring Stone,0,ICON3D_EARTHSTYLE2
702,Golden Seal of Piercing Light,0,ICON3D_LIGHTSTYLE2
703,Essence Key Stone,0,ICON3D_RELEASESTONE
704,---,0,ICON3D_704
705,---,0,ICON3D_705
706,---,0,ICON3D_706
707,---,0,ICON3D_707
708,---,0,ICON3D_708
709,---,0,ICON3D_709
710,---,0,ICON3D_710
711,---,0,ICON3D_711
712,---,0,ICON3D_712
713,---,0,ICON3D_713
714,---,0,ICON3D_714
715,---,0,ICON3D_715
716,---,0,ICON3D_716
717,---,0,ICON3D_717
718,---,0,ICON3D_718
719,---,0,ICON3D_719
720,Battle Wristlet,0,ICON3D_AC_720
721,Star Earring,0,ICON3D_AC_721
722,Saurian Bone Necklace,0,ICON3D_AC_722
723,Lightning Talisman,0,ICON3D_AC_723
724,Saurian God Talisman,0,ICON3D_AC_724
725,Dervish Hairpin,0,ICON3D_AC_725
726,Spirit Cape,0,ICON3D_AC_726
727,Maiden Amulet,0,ICON3D_AC_727
728,Spirit Necklace,0,ICON3D_AC_728
729,Essence Crown,0,ICON3D_AC_729
730,Blue Wind Staff,0,ICON3D_AC_730
731,Nature Talisman,0,ICON3D_AC_731
732,---,0,ICON3D_732
733,---,0,ICON3D_733
734,---,0,ICON3D_734
735,Gale Feather,0,ICON3D_DASH_BOOTS
736,Windy Vestment,0,ICON3D_HEALINGCAPE
737,Grip Gloves,1,ICON3D_CLIMBGLOVE
738,Hermit's Scale,1,ICON3D_OXYGEN_BOTTLE
739,Glow Stone,1,ICON3D_TORCH
740,Floating Shoes,1,ICON3D_NUMA_BOOTS
741,Archaeopteryx Wing,1,ICON3D_DOUBLEJUMP
742,Purifying Bell,1,ICON3D_SILVERBELL
743,Ares Seal,0,ICON3D_EXSPEEDUP
744,Aeolus Urn,0,ICON3D_GATHERITEM
745,Eagle Eye Orb,0,ICON3D_MAPOPENUP
746,---,0,ICON3D_746
747,---,0,ICON3D_747
748,---,0,ICON3D_748
749,---,0,ICON3D_749
750,Pirate's Note 1,0,ICON3D_MEMO_P_001
751,Pirate's Note 2,0,ICON3D_MEMO_P_002
752,Pirate's Note 3,0,ICON3D_MEMO_P_003
753,Pirate's Note 4,0,ICON3D_MEMO_P_004
754,Pirate's Note 5,0,ICON3D_MEMO_P_005
755,Pirate's Note 6,0,ICON3D_MEMO_P_006
756,---,0,ICON3D_756
757,---,0,ICON3D_757
758,---,0,ICON3D_758
759,---,0,ICON3D_759
760,T's Note 1,0,ICON3D_MEMO_T_001
761,T's Note 2,0,ICON3D_MEMO_T_002
762,T's Note 3,0,ICON3D_MEMO_T_003
763,T's Note 4,0,ICON3D_MEMO_T_004
764,Progressive Raid List,0,ICON3D_764
765,---,0,ICON3D_765
766,---,0,ICON3D_766
767,---,0,ICON3D_767
768,---,0,ICON3D_768
769,---,0,ICON3D_769
770,Ship's Log 1,0,ICON3D_MEMO_R_001
771,Ship's Log 2,0,ICON3D_MEMO_R_002
772,Ship's Log 3,0,ICON3D_MEMO_R_003
773,Ship's Log 4,0,ICON3D_MEMO_R_004
774,Ship's Log 5,0,ICON3D_MEMO_R_005
775,Orichalcum Ore,0,ICON3D_HIIROKANE
776,Sheet Music,0,ICON3D_BLUE_SCORE
777,Monolith Fragment,0,ICON3D_PIECE_MONOLITH
778,Flame Stone,0,ICON3D_FIRESTONE
779,Ship Blueprints,0,ICON3D_SHIP_PLAN
780,Sweet Pepper Seeds,0,ICON3D_SEED_PAPRIKA
781,Eggplant Seeds,0,ICON3D_SEED_EGGPLANT
782,Cabbage Seeds,0,ICON3D_SEED_CABBAGE
783,Corn Seeds,0,ICON3D_SEED_CORN
784,Tomato Seeds,0,ICON3D_SEED_TOMATO
785,Pumpkin Seeds,0,ICON3D_SEED_PUMPKIN
786,Pikkard,0,ICON3D_PICARD
787,Wish Tree,0,ICON3D_PRAY_TREE
788,Treasure Map,0,ICON3D_TREASURE_MAP
789,Pirate's Treasure,0,ICON3D_PIRATE_BOX
790,Pterosaur Egg,0,ICON3D_DORAGON_EGG
791,---,0,ICON3D_791
792,Fermented Sap,0,ICON3D_FERMENTATION_SAP
793,---,0,ICON3D_793
794,Money Bag,0,ICON3D_GOLD_COIN_BAG
795,Seiren Area Map,0,ICON3D_SEIREN_CHART
796,Treasure Chest Key,0,ICON3D_TBOX_KEY
797,---,0,ICON3D_797
798,---,0,ICON3D_798
799,---,0,ICON3D_799
800,Precise Needle,0,ICON3D_PRESENT_ALISON
801,Romun Badge,0,ICON3D_PRESENT_AARON
802,Small Ruby,0,ICON3D_PRESENT_ED
803,Rainbow Pigment,0,ICON3D_PRESENT_AUSTEN
804,Ship Nameplate,0,ICON3D_PRESENT_KASHU
805,Silver Barrette,0,ICON3D_PRESENT_KATRIN
806,Golden Emblem,0,ICON3D_PRESENT_CURRAN
807,Sticky Burr,0,ICON3D_PRESENT_KUINA
808,Violet Bookmark,0,ICON3D_PRESENT_GRISELDA
809,Rich Haul Banner,0,ICON3D_PRESENT_SAHAD1
810,Jasper Pearl,0,ICON3D_PRESENT_SAHAD2
811,Silver Rosary,0,ICON3D_PRESENT_NIA
812,Gladiator Sheath,0,ICON3D_PRESENT_SILVIA
813,Engraved Pen,0,ICON3D_PRESENT_THANATOS
814,Silver Music Box,0,ICON3D_PRESENT_DANA1
815,Gold Essence Crystal,0,ICON3D_PRESENT_DANA2
816,Ancient Coin,0,ICON3D_PRESENT_DINA
817,Hard Liquor,0,ICON3D_PRESENT_DOGI1
818,Iron Knuckle,0,ICON3D_PRESENT_DOGI2
819,Snowflake Soap,0,ICON3D_PRESENT_HUMMEL1
820,Juggling Balls,0,ICON3D_PRESENT_HUMMEL2
821,Antique Tea Set,0,ICON3D_PRESENT_FRANZ
822,Ultra Chef Knife,0,ICON3D_PRESENT_MIRALDA
823,Teddy Bear,0,ICON3D_PRESENT_LAXIA1
824,Elegant Glasses,0,ICON3D_PRESENT_LAXIA2
825,Pretty Pebbles,0,ICON3D_PRESENT_RICOTTA1
826,Marx Story: Vol. II,0,ICON3D_PRESENT_RICOTTA2
827,Big Seed,0,ICON3D_PRESENT_PARO1
828,Small Ring,0,ICON3D_PRESENT_PARO2
829,Old Stethoscope,0,ICON3D_PRESENT_LICHT
830,Bell Collar,0,ICON3D_PRESENT_REJA
831,Psyches,0,ICON3D_831
832,---,0,ICON3D_832
833,---,0,ICON3D_833
834,---,0,ICON3D_834
835,---,0,ICON3D_835
836,---,0,ICON3D_836
837,---,0,ICON3D_837
838,---,0,ICON3D_838
839,---,0,ICON3D_839
840,■DLCボックス,0,ICON3D_DLC_COS00_01
841,■DLCボックス,0,ICON3D_DLC_COS00_02
842,■DLCボックス,0,ICON3D_DLC_COS00_03
843,■DLCボックス,0,ICON3D_DLC_ITM00_01
844,■DLCボックス,0,ICON3D_DLC_ITM00_02
845,■DLCボックス,0,ICON3D_DLC_COS00_04
846,■DLCボックス,0,ICON3D_DLC_ITM00_03
847,■DLCボックス,0,ICON3D_DLC_ITM01_01
848,■DLCボックス,0,ICON3D_DLC_ITM01_02
849,■DLCボックス,0,ICON3D_DLC_ITM01_03
850,■DLCボックス,0,ICON3D_DLC_COS01_01
851,■DLCボックス,0,ICON3D_DLC_COS01_02
852,■DLCボックス,0,ICON3D_DLC_COS01_03
853,■DLCボックス,0,ICON3D_DLC_COS01_04
854,■DLCボックス,0,ICON3D_DLC_COS01_05
855,■DLCボックス,0,ICON3D_DLC_COS01_06
856,■DLCボックス,0,ICON3D_DLC_COS02_01
857,■DLCボックス,0,ICON3D_DLC_COS02_02
858,■DLCボックス,0,ICON3D_DLC_COS02_03
859,■DLCボックス,0,ICON3D_DLC_COS02_04
860,■DLCボックス,0,ICON3D_DLC_COS02_05
861,■DLCボックス,0,ICON3D_DLC_COS02_06
862,■DLCボックス,0,ICON3D_DLC_COS03_01
863,■DLCボックス,0,ICON3D_DLC_COS03_02
864,■DLCボックス,0,ICON3D_DLC_COS03_03
865,■DLCボックス,0,ICON3D_DLC_COS03_04
866,■DLCボックス,0,ICON3D_DLC_ATT00_01
867,■DLCボックス,0,ICON3D_DLC_ITM01_04
868,■DLCボックス,0,ICON3D_DLC_ITM01_05
869,■DLCボックス,0,ICON3D_DLC_ITM01_06
870,■DLCボックス,0,ICON3D_DLC_ATT_01
871,■DLCボックス,0,ICON3D_DLC_ATT_02
872,■DLCボックス,0,ICON3D_DLC_ATT_03
873,■DLCボックス,0,ICON3D_DLC_ATT_04
874,■DLCボックス,0,ICON3D_DLC_ATT_05
875,■DLCボックス,0,ICON3D_DLC_ATT_06
876,■DLCボックス,0,ICON3D_DLC_ATT_07
877,■DLCボックス,0,ICON3D_DLC_ATT_08
878,■DLCボックス,0,ICON3D_DLC_ATT_09
879,■DLCボックス,0,ICON3D_DLC_ATT_10
880,■DLCボックス,0,ICON3D_DLC_ITM_01
881,■DLCボックス,0,ICON3D_DLC_ITM_02
882,■DLCボックス,0,ICON3D_DLC_ITM_03
883,■DLCボックス,0,ICON3D_DLC_ITM_04
884,■DLCボックス,0,ICON3D_DLC_ITM_05
885,■DLCボックス,0,ICON3D_DLC_ITM_06
886,■DLCボックス,0,ICON3D_DLC_ITM_07
887,■DLCボックス,0,ICON3D_DLC_ITM_08
888,■DLCボックス,0,ICON3D_DLC_ITM_09
889,■DLCボックス,0,ICON3D_DLC_ITM_10
890,■DLCボックス,0,ICON3D_DLC_ITM_11
891,■DLCボックス,0,ICON3D_DLC_ITM_12
892,■DLCボックス,0,ICON3D_DLC_ITM_13
893,■DLCボックス,0,ICON3D_DLC_ITM_14
894,■DLCボックス,0,ICON3D_DLC_ITM_15
895,■DLCボックス,0,ICON3D_DLC_ITM_16
896,■DLCボックス,0,ICON3D_DLC_ITM_17
897,■DLCボックス,0,ICON3D_DLC_ITM_18
898,■DLCボックス,0,ICON3D_DLC_ITM_19
899,■DLCボックス,0,ICON3D_DLC_ITM_20
900,■DLCボックス,0,ICON3D_DLC_ITM_21
901,■DLCボックス,0,ICON3D_DLC_ITM_22
902,■DLCボックス,0,ICON3D_DLC_ITM_23
903,■DLCボックス,0,ICON3D_DLC_ITM_24
904,■DLCボックス,0,ICON3D_DLC_ITM_25
905,■DLCボックス,0,ICON3D_DLC_ITM_26
906,■DLCボックス,0,ICON3D_DLC_ITM_27
907,■DLCボックス,0,ICON3D_DLC_ITM_28
908,■DLCボックス,0,ICON3D_DLC_ITM_29
909,■DLCボックス,0,ICON3D_DLC_ITM_30
910,---,0,ICON3D_910
911,---,0,ICON3D_911
912,---,0,ICON3D_912
913,---,0,ICON3D_913
914,---,0,ICON3D_914
915,---,0,ICON3D_915
916,---,0,ICON3D_916
917,---,0,ICON3D_917
918,---,0,ICON3D_918
919,---,0,ICON3D_919
920,---,0,ICON3D_920
921,---,0,ICON3D_921
922,---,0,ICON3D_922
923,---,0,ICON3D_923
924,---,0,ICON3D_924
925,---,0,ICON3D_925
926,---,0,ICON3D_926
927,---,0,ICON3D_927
928,---,0,ICON3D_928
929,---,0,ICON3D_929
930,---,0,ICON3D_930
931,Various Vegetables,0,ICON3D_VEGETABLE
932,Barricade: Enhance,0,ICON3D_ICB_LV2
933,Barricade: Enhance,0,ICON3D_ICB_LV3
934,Barricade: Enhance,0,ICON3D_ICB_LV4
935,Barricade: Enhance,0,ICON3D_ICB_LV5
936,Barricade: Enhance,0,ICON3D_ICB_LV6
937,Barricade: Enhance,0,ICON3D_ICB_LV7
938,Barricade: Enhance,0,ICON3D_ICB_LV8
939,Barricade: Enhance,0,ICON3D_ICB_LV9
940,Lure: Install,0,ICON3D_ICD_ADD5
941,Lure: Install,0,ICON3D_ICD_ADD6
942,Lure: Install,0,ICON3D_ICD_ADD7
943,Lure: Install,0,ICON3D_ICD_ADD8
944,Lure: Enhance,0,ICON3D_ICD_LV2
945,Lure: Enhance,0,ICON3D_ICD_LV3
946,Lure: Enhance,0,ICON3D_ICD_LV4
947,Lure: Enhance,0,ICON3D_ICD_LV5
948,Lure: Add Effect,0,ICON3D_ICD_OPT
949,Stockade: Install,0,ICON3D_ICF_ADD1
950,Stockade: Install,0,ICON3D_ICF_ADD2
951,Stockade: Install,0,ICON3D_ICF_ADD3
952,Stockade: Install,0,ICON3D_ICF_ADD4
953,Stockade: Enhance,0,ICON3D_ICF_LV2
954,Stockade: Enhance,0,ICON3D_ICF_LV3
955,Stockade: Enhance,0,ICON3D_ICF_LV4
956,Stockade: Enhance,0,ICON3D_ICF_LV5
957,Stockade: Add Effect,0,ICON3D_ICF_OPT
958,Catapult: Install,0,ICON3D_ICC_ADD1
959,Catapult: Enhance,0,ICON3D_ICC_LV2
960,Catapult: Enhance,0,ICON3D_ICC_LV3
961,Catapult: Enhance,0,ICON3D_ICC_LV4
962,Catapult: Enhance,0,ICON3D_ICC_LV5
963,Catapult: Add Effect,0,ICON3D_ICC_OPT
964,Stun Gong: Create,0,ICON3D_ICG_ADD1
965,Stun Gong: Enhance,0,ICON3D_ICG_LV2
966,Stun Gong: Enhance,0,ICON3D_ICG_LV3
967,Stun Gong: Add Effect,0,ICON3D_ICG_OPT
968,---,0,ICON3D_968
969,---,0,ICON3D_969
970,---,0,ICON3D_970
971,Goal Item,0,ICON3D_971
972,Dana 6 Weapon,0,ICON3D_972
973,Dana 13 Weapon,0,ICON3D_973
974,Dana 20 Weapon,0,ICON3D_974
975,Dana 26 Weapon,0,ICON3D_975
976,Dana 35 Weapon,0,ICON3D_976
977,---,0,ICON3D_977
978,Ricotta 6 Weapon,0,ICON3D_978
979,Ricotta 13 Weapon,0,ICON3D_979
980,Ricotta 20 Weapon,0,ICON3D_980
981,Ricotta 26 Weapon,0,ICON3D_981
982,---,0,ICON3D_982
983,Hummel 6 Weapon,0,ICON3D_983
984,Hummel 13 Weapon,0,ICON3D_984
985,---,0,ICON3D_985
986,Moon Blades,0,ICON3D_986
987,Ouroboros,0,ICON3D_987
988,Circle of Life,0,ICON3D_988
989,Crescent,0,ICON3D_989
990,Maracas,0,ICON3D_990
991,Durian Clubs,0,ICON3D_991
992,Burst Bayonet,0,ICON3D_992
993,◆100% Darkness,0,ICON3D_993
994,◆100% Bloodloss,0,ICON3D_994
995,---,0,ICON3D_995
996,◆100% Freeze,0,ICON3D_996
997,◆100% Burn,0,ICON3D_997
998,◆100% Paralysis,0,ICON3D_998
999,◆100% Poison,0,ICON3D_999
